"","meanR1","meanR2","pval","meanR1.nodna","meanR2.nodna","pval.nodna"
"1",0.687083333333333,1.31145833333333,1.7326888299516e-246,0.9725,1.00565476190476,0.0106022446389059
