"","meanR1","meanR2","pval","meanR1.nodna","meanR2.nodna","pval.nodna"
"1",0.704861111111111,1.29954268292683,2.10308887039541e-260,0.976388888888889,1.0015243902439,0.0485028249464986
