"","meanR1","meanR2","pval","meanR1.nodna","meanR2.nodna","pval.nodna"
"1",0.636397058823529,1.30709459459459,2.11509565882411e-278,0.96875,1.00168918918919,0.00798599073526535
