"","meanR1","meanR2","pval","meanR1.nodna","meanR2.nodna","pval.nodna"
"1",0.810243055555556,1.10798611111111,2.04488435503679e-133,1.06163194444444,0.940393518518518,1.18396938261692e-20
