"","meanR1","meanR2","pval","meanR1.nodna","meanR2.nodna","pval.nodna"
"1",0.729166666666667,1.2530487804878,5.01186742871345e-195,0.976339285714286,0.99984756097561,0.0646805105584073
