"","meanR1","meanR2","pval","meanR1.nodna","meanR2.nodna","pval.nodna"
"1",0.748214285714286,1.20372340425532,2.13657173048282e-228,0.954166666666667,1.01968085106383,2.05610038526879e-07
