"","meanR1","meanR2","pval","meanR1.nodna","meanR2.nodna","pval.nodna"
"1",0.685526315789474,1.26071428571429,1.10452388943893e-232,0.864144736842105,1.09910714285714,3.52964993686854e-58
