"","meanR1","meanR2","pval","meanR1.nodna","meanR2.nodna","pval.nodna"
"1",0.784821428571429,1.16328125,1.23587270525679e-150,1.02553571428571,0.95265625,2.02122058508872e-07
