"","meanR1","meanR2","pval","meanR1.nodna","meanR2.nodna","pval.nodna"
"1",0.873110465116279,1.09481382978723,7.14551067903192e-132,1.02281976744186,0.957845744680851,4.06982177755495e-07
