"","meanR1","meanR2","pval","meanR1.nodna","meanR2.nodna","pval.nodna"
"1",0.771164772727273,1.20152777777778,6.73565929933738e-187,0.859943181818182,1.11472222222222,1.0456632740199e-62
