"","meanR1","meanR2","pval","meanR1.nodna","meanR2.nodna","pval.nodna"
"1",0.747426470588235,1.13081896551724,1.65681361017107e-167,1,0.982758620689655,0.180860007260714
