"","meanR1","meanR2","pval","meanR1.nodna","meanR2.nodna","pval.nodna"
"1",0.75453125,1.17291666666667,9.51786266900248e-194,0.96984375,1.00404411764706,0.00678261308319041
