"","meanR1","meanR2","pval","meanR1.nodna","meanR2.nodna","pval.nodna"
"1",0.774177631578947,1.13537946428571,1.44562278734758e-173,1.04161184210526,0.95390625,2.50866144557744e-12
