"","meanR1","meanR2","pval","meanR1.nodna","meanR2.nodna","pval.nodna"
"1",0.957939189189189,1.01356707317073,4.09103755588943e-12,0.991385135135135,0.983384146341463,0.477249797339278
