"","meanR1","meanR2","pval","meanR1.nodna","meanR2.nodna","pval.nodna"
"1",0.748958333333333,1.18267045454545,1.39060387723066e-192,1.03802083333333,0.946164772727273,9.67268971296101e-14
