"","meanR1","meanR2","pval","meanR1.nodna","meanR2.nodna","pval.nodna"
"1",0.839236111111111,1.09575,1.28880622109496e-126,1.02447916666667,0.962375,8.09712287847021e-07
