"","meanR1","meanR2","pval","meanR1.nodna","meanR2.nodna","pval.nodna"
"1",0.646794871794872,1.29034090909091,4.0894935423694e-252,1.03253205128205,0.9484375,2.10678262141564e-11
