"","meanR1","meanR2","pval","meanR1.nodna","meanR2.nodna","pval.nodna"
"1",0.716489361702128,1.27388888888889,6.11213749429843e-216,0.96875,1.01041666666667,0.00103315735942248
