"","meanR1","meanR2","pval","meanR1.nodna","meanR2.nodna","pval.nodna"
"1",0.803676470588235,1.13197674418605,1.33385182692462e-173,1.053125,0.934738372093023,9.37226714367665e-21
