"","meanR1","meanR2","pval","meanR1.nodna","meanR2.nodna","pval.nodna"
"1",0.813541666666667,1.11425,1.81635527401455e-144,0.929513888888889,1.03075,4.88923136454788e-16
