"","meanR1","meanR2","pval","meanR1.nodna","meanR2.nodna","pval.nodna"
"1",0.750173611111111,1.19984375,2.35254273549171e-170,0.9015625,1.06359375,6.31028388734704e-33
