"","meanR1","meanR2","pval","meanR1.nodna","meanR2.nodna","pval.nodna"
"1",0.809628378378378,1.12334183673469,7.12079737094546e-138,1.03969594594595,0.949617346938776,1.61218766869758e-11
