"","meanR1","meanR2","pval","meanR1.nodna","meanR2.nodna","pval.nodna"
"1",0.80218023255814,1.17872023809524,2.47559731382918e-167,0.997238372093023,0.979017857142857,0.129082965952931
