"","meanR1","meanR2","pval","meanR1.nodna","meanR2.nodna","pval.nodna"
"1",0.81625,1.15143229166667,1.46754731672385e-159,1.02763888888889,0.953255208333333,1.94452346068784e-10
