"","meanR1","meanR2","pval","meanR1.nodna","meanR2.nodna","pval.nodna"
"1",0.779941860465116,1.1968023255814,7.04020346374865e-222,1.04142441860465,0.935319767441861,1.49795178435575e-17
