"","meanR1","meanR2","pval","meanR1.nodna","meanR2.nodna","pval.nodna"
"1",0.763839285714286,1.20741279069767,1.07480201187915e-178,1.06547619047619,0.912790697674419,3.16635276571547e-29
