"","meanR1","meanR2","pval","meanR1.nodna","meanR2.nodna","pval.nodna"
"1",0.7125,1.21728723404255,1.11101868330055e-205,0.913301282051282,1.05066489361702,2.24264659445904e-24
