"","meanR1","meanR2","pval","meanR1.nodna","meanR2.nodna","pval.nodna"
"1",0.916118421052632,1.04206730769231,1.75595807106052e-43,0.959868421052632,1.01009615384615,2.45608364233162e-05
