"","meanR1","meanR2","pval","meanR1.nodna","meanR2.nodna","pval.nodna"
"1",0.894711538461539,1.06339285714286,7.19167236913941e-60,1.15240384615385,0.858290816326531,5.62879861332581e-73
