"","meanR1","meanR2","pval","meanR1.nodna","meanR2.nodna","pval.nodna"
"1",0.797128378378378,1.15130813953488,1.06084195640659e-153,0.996114864864865,0.980087209302326,0.261104941500081
