"","meanR1","meanR2","pval","meanR1.nodna","meanR2.nodna","pval.nodna"
"1",0.826829268292683,1.12978723404255,5.94848046972799e-160,1.0140243902439,0.966489361702128,5.67613346228577e-05
