"","meanR1","meanR2","pval","meanR1.nodna","meanR2.nodna","pval.nodna"
"1",0.854391891891892,1.07697368421053,5.21137150489438e-80,0.868074324324324,1.06809210526316,1.24473495436662e-42
