"","meanR1","meanR2","pval","meanR1.nodna","meanR2.nodna","pval.nodna"
"1",0.766964285714286,1.16580188679245,1.6584340698354e-186,0.951488095238095,1.01957547169811,4.49611843050623e-09
