"","meanR1","meanR2","pval","meanR1.nodna","meanR2.nodna","pval.nodna"
"1",0.786824324324324,1.1405612244898,6.28994545546574e-143,0.944087837837838,1.0218112244898,9.68830108124138e-10
