"","meanR1","meanR2","pval","meanR1.nodna","meanR2.nodna","pval.nodna"
"1",0.79796875,1.15736111111111,4.11430647088328e-171,0.9965625,0.980833333333333,0.258005677220128
