"","meanR1","meanR2","pval","meanR1.nodna","meanR2.nodna","pval.nodna"
"1",0.696732954545455,1.28706395348837,6.77536225864205e-250,1.01107954545455,0.965406976744186,0.000343938885185182
