"","meanR1","meanR2","pval","meanR1.nodna","meanR2.nodna","pval.nodna"
"1",0.747713414634146,1.203125,2.23279223141577e-212,0.979115853658537,0.996875,0.140808386396718
