"","meanR1","meanR2","pval","meanR1.nodna","meanR2.nodna","pval.nodna"
"1",0.864338235294118,1.06816037735849,1.52217681989007e-93,0.848161764705882,1.07853773584906,2.25803700159412e-44
