"","meanR1","meanR2","pval","meanR1.nodna","meanR2.nodna","pval.nodna"
"1",0.835690789473684,1.104875,3.488737743218e-120,0.930098684210526,1.033125,6.37191793047122e-17
