"","meanR1","meanR2","pval","meanR1.nodna","meanR2.nodna","pval.nodna"
"1",0.806976744186046,1.16222222222222,5.86773005796907e-174,0.98328488372093,0.99375,0.33699601134159
