"","meanR1","meanR2","pval","meanR1.nodna","meanR2.nodna","pval.nodna"
"1",0.784469696969697,1.10915178571429,3.54519717579702e-125,1.02215909090909,0.969084821428571,7.0678211685372e-05
