"","meanR1","meanR2","pval","meanR1.nodna","meanR2.nodna","pval.nodna"
"1",0.806696428571429,1.15819444444444,1.19801763941223e-177,0.988541666666667,0.988472222222222,0.995147368070955
