"","meanR1","meanR2","pval","meanR1.nodna","meanR2.nodna","pval.nodna"
"1",0.7496875,1.19592391304348,7.22316840861519e-183,0.92875,1.04021739130435,1.36028736807633e-17
