"","meanR1","meanR2","pval","meanR1.nodna","meanR2.nodna","pval.nodna"
"1",0.779285714285714,1.14619565217391,7.06709529214919e-140,0.935357142857143,1.02744565217391,1.65880334517175e-10
