"","meanR1","meanR2","pval","meanR1.nodna","meanR2.nodna","pval.nodna"
"1",0.789204545454545,1.17239583333333,1.01750975240446e-138,1.00170454545455,0.977604166666667,0.033809932669048
