"","meanR1","meanR2","pval","meanR1.nodna","meanR2.nodna","pval.nodna"
"1",0.805098684210526,1.11863425925926,3.8958946788642e-128,1.06299342105263,0.937152777777778,4.20777242415175e-21
