"","meanR1","meanR2","pval","meanR1.nodna","meanR2.nodna","pval.nodna"
"1",0.709926470588235,1.19694444444444,4.59590009955422e-291,0.826654411764706,1.10875,4.60203029180299e-68
