"","meanR1","meanR2","pval","meanR1.nodna","meanR2.nodna","pval.nodna"
"1",0.891666666666667,1.07329545454545,8.22509043707882e-69,1.00801282051282,0.970170454545455,0.00258213534576413
