"","meanR1","meanR2","pval","meanR1.nodna","meanR2.nodna","pval.nodna"
"1",0.756101190476191,1.20095108695652,9.52101275273824e-194,0.901190476190476,1.06847826086957,2.28967405254309e-35
