"","meanR1","meanR2","pval","meanR1.nodna","meanR2.nodna","pval.nodna"
"1",0.785546875,1.12213541666667,4.6457742476512e-149,0.9236328125,1.030078125,1.15938586165212e-18
