"","meanR1","meanR2","pval","meanR1.nodna","meanR2.nodna","pval.nodna"
"1",0.800520833333333,1.12614795918367,1.09170372855954e-148,0.936979166666667,1.02589285714286,1.15261231948392e-11
