"","meanR1","meanR2","pval","meanR1.nodna","meanR2.nodna","pval.nodna"
"1",0.802467105263158,1.11414473684211,5.55930339992602e-144,0.946217105263158,1.01831140350877,1.71846699049005e-09
