"","meanR1","meanR2","pval","meanR1.nodna","meanR2.nodna","pval.nodna"
"1",0.807164634146341,1.16061046511628,2.47612685783689e-156,0.996189024390244,0.980377906976744,0.213060991182295
