"","meanR1","meanR2","pval","meanR1.nodna","meanR2.nodna","pval.nodna"
"1",0.787326388888889,1.133125,1.75305908600707e-148,1.01215277777778,0.97125,0.000470805904394972
