"","meanR1","meanR2","pval","meanR1.nodna","meanR2.nodna","pval.nodna"
"1",0.798153409090909,1.16419270833333,1.80229455331171e-167,1.01022727272727,0.969791666666667,0.000584187320509441
