"","meanR1","meanR2","pval","meanR1.nodna","meanR2.nodna","pval.nodna"
"1",0.723648648648649,1.230625,2.09022612075179e-228,1.04898648648649,0.9296875,8.34255288647117e-18
