"","meanR1","meanR2","pval","meanR1.nodna","meanR2.nodna","pval.nodna"
"1",0.775961538461538,1.17994186046512,7.12827022511454e-191,0.995833333333333,0.980523255813953,0.23412224475222
