"","meanR1","meanR2","pval","meanR1.nodna","meanR2.nodna","pval.nodna"
"1",0.780640243902439,1.16653645833333,4.59047172192526e-166,1.00396341463415,0.97578125,0.0142112557299696
