"","meanR1","meanR2","pval","meanR1.nodna","meanR2.nodna","pval.nodna"
"1",0.830574324324324,1.10330882352941,9.46199563307167e-121,1.02111486486486,0.965073529411765,1.86371751320998e-06
