"","meanR1","meanR2","pval","meanR1.nodna","meanR2.nodna","pval.nodna"
"1",0.733184523809524,1.23735465116279,1.02969198795129e-236,0.947767857142857,1.02776162790698,4.26362128134001e-10
