"","meanR1","meanR2","pval","meanR1.nodna","meanR2.nodna","pval.nodna"
"1",0.797532894736842,1.13660714285714,1.1729943360657e-147,1.04342105263158,0.945918367346939,3.00806553399038e-18
