"","meanR1","meanR2","pval","meanR1.nodna","meanR2.nodna","pval.nodna"
"1",0.722865853658537,1.20725,8.84550149087316e-219,0.977439024390244,0.9985,0.0629025013838813
