"","meanR1","meanR2","pval","meanR1.nodna","meanR2.nodna","pval.nodna"
"1",0.731597222222222,1.18046875,3.38535305232726e-165,0.975347222222222,0.99765625,0.0812827716584638
