"","meanR1","meanR2","pval","meanR1.nodna","meanR2.nodna","pval.nodna"
"1",0.792142857142857,1.12067307692308,6.71804770540401e-193,0.98125,0.993389423076923,0.248965587853536
