"","meanR1","meanR2","pval","meanR1.nodna","meanR2.nodna","pval.nodna"
"1",0.774390243902439,1.171875,4.703601144362e-196,0.955792682926829,1.01692708333333,2.13141312071493e-06
