"","meanR1","meanR2","pval","meanR1.nodna","meanR2.nodna","pval.nodna"
"1",0.74702380952381,1.21875,1.63437086675677e-278,0.944940476190476,1.02982954545455,4.01183358547406e-13
