"","meanR1","meanR2","pval","meanR1.nodna","meanR2.nodna","pval.nodna"
"1",0.8321875,1.11200980392157,6.00112297695693e-188,0.961875,1.01029411764706,0.000171483461374792
