"","meanR1","meanR2","pval","meanR1.nodna","meanR2.nodna","pval.nodna"
"1",0.714423076923077,1.20688775510204,2.45641954931718e-209,0.941826923076923,1.02589285714286,2.7129839325134e-10
