"","meanR1","meanR2","pval","meanR1.nodna","meanR2.nodna","pval.nodna"
"1",0.805769230769231,1.14943181818182,6.73147219162297e-145,0.941185897435897,1.02940340909091,3.08048784256219e-11
